AURUM,NC added,GOLD,Joht Labelling,Paper Labelling,Final Names,Paper Short Name,Organ System,QOF,
CPRDAurum_PrimaryMalignancy_Skin_Exl_BCC,x,CPRD_PRI_SKIN_NO_BCC,Malignant Neoplasm of Skin (excluding basal cell carcinoma),,,,Cancers,1,
CPRDAurum_AbdominalAorticAneurysm,x,CPRD_AAA,Abdominal Aortic Aneurysm,Abdominal Aortic Aneurysm,Abdominal Aortic Aneurysm,aaa,Circulatory System Diagnoses,,
CPRDAurum_Acne,x,CPRD_ACNE,Acne,Acne,Acne,acne,Skin Diagnoses,,
CPRDAurum_ActinicKeratosis,x,CPRD_ACTINIC_KERATOSIS,Actinic keratosis,Actinic keratosis,Actinic keratosis,act_keratosis,Skin Diagnoses,,
CPRDAurum_Agranulocytosis,x,CPRD_AGRANULOCYTOSIS,Agranulocytosis,Agranulocytosis,Agranulocytosis,agranulocytosis,Blood and Immune System Diagnoses,,
Alcoholic_liver_disease,x,CPRD_LIVER_ALC,Alcoholic hepatitis,Alcoholic Liver Disease,Alcoholic Liver Disease,alc_liv_dz,Digestive System Diagnoses,,
CPRDAurum_AlcoholMisuse,x,CPRD_ALC_PROBLEMS,Alcohol abuse,Alcohol Misuse,Alcohol Misuse,alcohol,Mental and Behavioural Diagnoses,,
CPRDAurum_Allergicandchronicrhinitis,x,CPRD_ALLERGIC_RHINITIS,AllergicOrChronic Rhinitis,Allergic/chronic Rhinitis,Allergic/chronic Rhinitis,rhinitis,Respiratory System Diagnoses,,
CPRDAurum_AlopeciaAreata,x,CPRD_ALOPECIA_AREATA,Alopecia Areata,Alopecia Areata,Alopecia Areata,alopecia_areata,Skin Diagnoses,,
CPRDAurum_Anaemia_other,x,CPRD_OTH_ANAEMIA,Other Deficiency Anaemia,Anaemia - other,Anaemia - other,oth_anaemia,Blood and Immune System Diagnoses,,
analfissure_IBD_DD,x,CPRD_ANAL_FISSURE,Anal Fissure,Anal Fissure,Anal Fissure,anal_fiss,Digestive System Diagnoses,,
CPRDAurum_Angiodysplasia_colon,x,CPRD_ANGIODYSPLASIA_COLON,Angiodysplasia of colon,Angiodysplasia of colon,Angiodysplasia of colon,angio_colon,Digestive System Diagnoses,,
CPRDAurum_AnkylosingSpondylitis,x,CPRD_ANK_SPOND,Ankylosing Spondylosis,Ankylosing Spondylosis,Ankylosing Spondylosis,ank_spond,Musculoskeletal Diagnoses,,
CPRDAurum_anorectal_fistula,x,CPRD_ANORECTAL_FISTULA,Anorectal Fistula,Anorectal Fistula,Anorectal Fistula,anorectal_fistula,Digestive System Diagnoses,,
CPRDAurum_anorectal_prolapse,x,CPRD_ANORECTAL_PROLAPSE,Anorectal Prolapse,Anorectal Prolapse,Anorectal Prolapse,anorectal_prolapse,Digestive System Diagnoses,,
CPRDAurum_AnteriorandIntermediate_Uveitis,x,CPRD_ANT_UVEITIS,Anterior Uveitis,Anterior Uveitis,Anterior Uveitis,ant_uveitis,Eye Diagnoses,,
CPRDAurum_Anxietydisorders,x,CPRD_ANXIETY,Anxiety,Anxiety,Anxiety,anxiety,Mental and Behavioural Diagnoses,,
CPRDAurum_AplasticAnaemias,x,CPRD_APLASTIC,Aplastic Anaemia,Aplastic Anaemia,Aplastic Anaemia,aplastic,Blood and Immune System Diagnoses,,
CPRDAurum_appendicitis,x,CPRD_APPENDICITIS,Appendicitis,Appendicitis,Appendicitis,appendicitis,Digestive System Diagnoses,,
CPRDAurum_Asbestosis,x,CPRD_ASBESTOSIS,Asbestosis,Asbestosis,Asbestosis,asbestosis,Respiratory System Diagnoses,,
CPRDAurum_AspirationPneumonia,x,CPRD_ASPIRATION_PNEUMO,Aspiration Pneumonitis,Aspiration Pneumonitis,Aspiration Pneumonitis,asp_pneumo,Respiratory System Diagnoses,,
AsthmaCurrent,x,CPRD_ASTHMA,Asthma,Asthma,Asthma,asthma,Respiratory System Diagnoses,1,
Atrial_Fibrillation,x,CPRD_AF,Atrial Fibrillation,Atrial Fibrillation,Atrial Fibrillation,af,Circulatory System Diagnoses,1,
CPRDAurum_Atrioventricularblocks,x,CPRD_AV_BLOCK_1,Atrioventricular Block  first degree,Atrioventricular Block  first degree,,av_block_1,Circulatory System Diagnoses,,
CPRDAurum_Atrioventricularblocks,,CPRD_AV_BLOCK_2,Atrioventricular Block  second degree,Atrioventricular Block  second degree,,av_block_2,Circulatory System Diagnoses,,
CPRDAurum_Atrioventricularblocks,,CPRD_AV_BLOCK_3,Atrioventricular Block  third degree,Atrioventricular Block  third degree,,av_block_3,Circulatory System Diagnoses,,
CPRDAurum_Atrioventricularblocks,,,Atrioventricular Block,,Atrioventricular Block,,Circulatory System Diagnoses,,
Autism_birm_cam,x,CPRD_AUTISM,Autism,Autism,Autism,autism,Mental and Behavioural Diagnoses,,
CPRDAurum_AutoimmuneLiverDisease,x,CPRD_AUTOIMM_LIVER,Autoimmune liver disease,Autoimmune liver disease,Autoimmune liver disease,autoimm_liver,Digestive System Diagnoses,,
CPRDAurum_AutonomicNeuropathy,x,CPRD_AUTONOMIC_NEURO,Autonomic Neuropathy,Autonomic Neuropathy,Autonomic Neuropathy,autonomic_neuro,Neurological Diagnoses,,
CPRDAurum_BarrettsOesophagus,x,CPRD_BARRETTS,Barrett's Oesophagus,Barretts Oesophagus,Barretts Oesophagus,barretts,Digestive System Diagnoses,,
CPRDAurum_BellsPalsy,x,CPRD_BELLS,Bell's Palsy,Bells Syndrome,Bells Syndrome,bells,Neurological Diagnoses,,
CPRDAurum_BenignNeoplasm_Brain,x,CPRD_BENIGN_BRAIN,Benign Neoplasm - Brain,Benign Neoplasm - Brain,Benign Neoplasm - Brain,benign_brain,Benign Neoplasm or Precancerous Changes,1,
CPRDAurum_BenignNeoplasm_Colon,x,CPRD_BENIGN_COLON,Benign Neoplasm - Colon,Benign Neoplasm - Colon,Benign Neoplasm - Colon,benign_colon,Benign Neoplasm or Precancerous Changes,1,
CPRDAurum_BenignNeoplasm_Ovary,x,CPRD_BENIGN_OVARY,Benign Neoplasm - Ovary,Benign Neoplasm - Ovary,Benign Neoplasm - Ovary,benign_ovary,Benign Neoplasm or Precancerous Changes,1,
CPRDAurum_BenignNeoplasm_Stomach,x,CPRD_BENIGN_STOMACH,Benign Neoplasm - Stomach,Benign Neoplasm - Stomach,Benign Neoplasm - Stomach,benign_stomach,Benign Neoplasm or Precancerous Changes,1,
CPRDAurum_BenignNeoplasm_Uterus,x,CPRD_BENIGN_UTERUS,Benign Neoplasm - Uterus,Benign Neoplasm - Uterus,Benign Neoplasm - Uterus,benign_uterus,Benign Neoplasm or Precancerous Changes,1,
CPRDAurum_BenignProstaticHyperplasia,x,CPRD_BPH,Benign Prostatic Hyperplasia,Benign Prostatic Hyperplasia,Benign Prostatic Hyperplasia,bph,Genitourinary System Diagnoses,,
CPRDAurum_bifasc_block,x,CPRD_BIFASC_BLOCK,Bifascicular Block,Bifascicular Block,Bifascicular Block,bifasc_block,Circulatory System Diagnoses,,
BIPOLAR_BIRM_CAM_V2,x,CPRD_BAD,Bipolar Affective Disorder,Bipolar Affective Disorder,Bipolar Affective Disorder,bad,Mental and Behavioural Diagnoses,1,
CPRDAurum_VisualImpairmentandBlindness,x,CPRD_BLIND,Blindness,Blindness,Blindness,blind,Eye Diagnoses,,
CPRDAurum_Bronchiectasis,x,CPRD_BRONCHIECTASIS,Bronchiectasis,Bronchiectasis,Bronchiectasis,bronchiectasis,Respiratory System Diagnoses,,
CPRDAurum_Cardiomyopathy_other,x,CPRD_CARDIOMYO_OTH,Cardiomyopathy - other,Cardiomyopathy - other,Cardiomyopathy - other,cardiomyo_oth,Circulatory System Diagnoses,1,
Carpal_Tunnel_RAPID_model,x,CPRD_CARPAL_TUNNEL,Carpal Tunnel Syndrome,Carpal Tunnel Syndrome,Carpal Tunnel Syndrome,carpal_tunnel,Musculoskeletal Diagnoses,,
CPRDAurum_Cataract,x,CPRD_CATARACT,Cataract,Cataract,Cataract,cataract,Eye Diagnoses,,
CPRDAurum_CerebralPalsy,x,CPRD_CEREBRAL_PALSY,Cerebral Palsy,Cerebral Palsy,Cerebral Palsy,cerebral_palsy,Neurological Diagnoses,,
CPRDAurum_cin_cervical,x,CPRD_CIN_CERVICAL,Cervical Intra-epithelial Neoplasia,Cervical Intra-epithelial Neoplasia,Cervical Intra-epithelial Neoplasia,cin_cervix,Benign Neoplasm or Precancerous Changes,1,
CPRDAurum_Cholelithiasis,x,CPRD_CHOLELITHIASIS,Cholelithiasis,Cholelithiasis,Cholelithiasis,cholelithiasis,Digestive System Diagnoses,,
CPRDAurum_ChronicCystitis,x,CPRD_CHR_CYSTITIS,Chronic Cystitis,Chronic Cystitis,Chronic Cystitis,chr_cystitis,Genitourinary System Diagnoses,,
ChronicFatigueSyndromeMM_birm_cam_v2,x,CPRD_CHRONIC_FATIGUE,Chronic Fatigue Syndrome,Chronic Fatigue Syndrome,Chronic Fatigue Syndrome,chronic_fatigue,Neurological Diagnoses,,
CPRDAurum_ChronicViralHepatitis,x,CPRD_CHR_HEP,Chronic Hepatitis,Chronic Hepatitis,Chronic Hepatitis,chr_hep,Infectious Diseases,,
CPRDAurum_COPD,x,CPRD_COPD,Chronic Obstructive Pulmonary Disease,Chronic Obstructive Pulmonary Disease,Chronic Obstructive Pulmonary Disease,copd,Respiratory System Diagnoses,1,
ChronicSinusitis_birm_cam,Note Ben's list overlaps with allergic rhinitis so I have changed to birm_cam,CPRD_SINUSITIS,Sinusitis,Chronic Sinusitis,Chronic Sinusitis,sinusitis,Respiratory System Diagnoses,,
CPRDAurum_Cirrhosis,x,CPRD_CIRRHOSIS,Cirrhosis,Cirrhosis,Cirrhosis,cirrhosis,Digestive System Diagnoses,,
CPRDAurum_CoeliacDisease,x,CPRD_COELIAC,Coeliac Disease,Coeliac Disease,Coeliac Disease,coeliac,Digestive System Diagnoses,,
CPRDAurum_CollapsedVertebra,x,CPRD_COLLAPSED_VERT,Collapsed Vertebra,Collapsed Vertebra,Collapsed Vertebra,collapsed_vert,Musculoskeletal Diagnoses,,
CPRDAurum_CongenitalSeptalDefect,x,CPRD_CONGENITAL_SEPTAL,Congenital Septal Defect,Congenital Septal Defect,Congenital Septal Defect,congenital_septal,Perinatal Diagnoses,,
CPRDAurum_CoronaryHeartDisease_unspecified,x,CPRD_CHD_NOS,Coronary heart disease,Coronary Heart Disease (not otherwise specified),Coronary Heart Disease (not otherwise specified),chd_nos,Circulatory System Diagnoses,1,
CPRDAurum_CrohnsDisease,x,CPRD_CROHNS,Crohns Disease,Crohns Disease,Crohns Disease,crohns,Digestive System Diagnoses,,
CPRDAurum_CysticFibrosis,x,CPRD_CF,Cystic fibrosis,Cystic Fibrosis,Cystic Fibrosis,cf,Endocrine Diagnoses,,
Any_Deafness_Hearing_Loss_birm_cam_v2,x,CPRD_DEAF,Deafness,Deafness,Deafness,deaf,Ear Diagnoses,,
CPRDAurum_Dementia,x,CPRD_DEMENTIA,Dementia,Dementia,Dementia,dementia,Mental and Behavioural Diagnoses,1,
CPRDAurum_Depression,x,CPRD_DEPRESSION,Depression,Depression,Depression,depr,Mental and Behavioural Diagnoses,1,
CPRDAurum_Dermatitis,x,CPRD_DERMATITIS,Dermatitis,Dermatitis,Dermatitis,dermatitis,Skin Diagnoses,,
CPRDAurum_DiabeticEyeDisease,x,CPRD_DIAB_EYE,Diabetic Eye Disease,Diabetic Eye Disease,Diabetic Eye Disease,dm_eye,Eye Diagnoses,1,
CPRDAurum_DiabeticNeuropathy,x,CPRD_DM_NEURO,Diabetes mellitus with neurological manifestation,Diabetic Neuropathy,Diabetic Neuropathy,dm_neuro,Neurological Diagnoses,1,
CPRDAurum_DiaphragmaticHernia,x,CPRD_HERNIA_DIAPHRAGM,Diaphragmatic and Oesophageal Hernia,Diaphragmatic Hernia,Diaphragmatic Hernia,hernia_diaphragm,Digestive System Diagnoses,,
CPRDAurum_DilatedCardiomyopathy,x,CPRD_DCM,Dilated Cardiomyopathy,Dilated cardiomyopathy,Dilated cardiomyopathy,dcm,Circulatory System Diagnoses,,
CPRDAurum_DiverticularDisease,x,CPRD_DIVERTICULI,Diverticular Disease,Diverticular Disease,Diverticular Disease,diverticuli,Digestive System Diagnoses,,
CPRDAurum_Downssyndrome,x,CPRD_DOWNS,Down Syndrome,Downs Syndrome,Downs Syndrome,downs,Perinatal Diagnoses,(LD?),
CPRDAurum_Dysmenorrhoea,x,CPRD_DYSMENORRHOEA,Dysmenorrhoea,Dysmenorrhoea,Dysmenorrhoea,dysmenorrhoea,Genitourinary System Diagnoses,,
EatingDisorders_birm_cam,better list,CPRD_EATING_DZ,Eating Disorders,Eating Disorders,Eating Disorders,eating_dz,Mental and Behavioural Diagnoses,,
CPRDAurum_EndometrialHyperplasiaandHypertrophy,x,CPRD_ENDOMETRIAL_HYPER,Endometrial Hyperplasia,Endometrial Hyperplasia,Endometrial Hyperplasia,endometrial_hyper,Genitourinary System Diagnoses,,
Endometriosis_Adenomyosis_birm_cam_v2_RAPID,better list,CPRD_ENDOMETRIOSIS,Endometriosis,Endometriosis,Endometriosis,endometriosis,Genitourinary System Diagnoses,,
End_stage_Renal_Disease_Vet,need to check if transplants included in gold code,CPRD_ESRD,End Stage Renal Disease,End Stage Renal Disease,End Stage Renal Disease,esrd,Genitourinary System Diagnoses,1,
CPRDAurum_EnteropathicArthropathy,x,CPRD_ENTERO_ARTHRO,Enteropathic Arthropathy,Enteropathic Arthropathy,Enteropathic Arthropathy,entero_arthro,Musculoskeletal Diagnoses,,
CPRDAurum_EnthesopathyandSynovialDisorder,,CPRD_ENTHESOPATHY,Enthesopathy and synovial disorder,Enthesopathy,Enthesopathy,enthesopathy,Musculoskeletal Diagnoses,,
Epilepsy_birm_gbv,bigger list,CPRD_EPILEPSY,Epilepsy,Epilepsy,Epilepsy,epilepsy,Neurological Diagnoses,1,
ErectileDysfunctionSymptoms_TLC_V2,x,CPRD_ED,Erectile Dysfunction,Erectile Dysfunction,Erectile Dysfunction,ed,Genitourinary System Diagnoses,,
CPRDAurum_BenignEssentialTremor,only contains 2 codes,CPRD_ESSENTIAL_TREMOR,Essential Tremor,Essential Tremor,Essential Tremor,essential_tremor,Neurological Diagnoses,,
CPRDAurum_FattyLiver,Note name has changed,CPRD_FATTY_LIVER,Fatty Liver,Fatty Liver,Fatty Liver,fatty_liver,Digestive System Diagnoses,,
Female_Infertility_mumpredict,x,CPRD_FEMALE_INFERTILITY,Female Infertility,Female Infertility,Female Infertility,female_infertility,Genitourinary System Diagnoses,,
CPRDAurum_Fibromatosis,x,CPRD_FIBROMATOSIS,Fibromatosis,Fibromatosis,Fibromatosis,fibromatosis,Musculoskeletal Diagnoses,,
Folate_deficiency_birm_cam,bigger list,CPRD_FOLATEDEF,Folate Deficiency Anaemia,Folate Deficiency Anaemia,Folate Deficiency Anaemia,foldef,Blood and Immune System Diagnoses,,
Hip_fracture_MM_birm_cam,x,CPRD_FRACTURE_HIP,Fracture - Hip,Fracture - Hip,Fracture - Hip,frac_hip,Musculoskeletal Diagnoses,1,
DistalForearmFracture_MM_birm_cam,x,CPRD_FRACTURE_WRIST,Fracture - Wrist,Fracture - Wrist,Fracture - Wrist,frac_wrist,Musculoskeletal Diagnoses,,
CPRDAurum_GastritisandDuodenitis,Note a very good quality code gastritis_TLC_V2 exists that excludes gastritis but has additional codes for the CPRDAurum one,CPRD_GASTRITIS_DUODENITIS,Gastritis and Duodenitis,Gastritis,Gastritis,gastritis,Digestive System Diagnoses,,
GORD_Push_Asthma,bigger list,CPRD_GORD,Gastro-oesophageal Reflux Disease,Gastro-oesophageal Reflux Disease,Gastro-oesophageal Reflux Disease,gord,Digestive System Diagnoses,,
CPRDAurum_GiantCellArteritis,x,CPRD_GCA,Giant Cell Arteritis,Giant Cell Arteritis,Giant Cell Arteritis,gca,Musculoskeletal Diagnoses,,
Glaucoma_Incid_Birm_Cam,bigger list,CPRD_GLAUCOMA,Glaucoma,Glaucoma,Glaucoma,glaucoma,Eye Diagnoses,,
CPRDAurum_Glomerulonephritis,x,CPRD_GN,Glomerulonephritis,Glomerulonephritis,Glomerulonephritis,gn,Genitourinary System Diagnoses,1,
Gout_MM_birm_cam,bigger list,CPRD_GOUT,Gout,Gout,Gout,gout,Musculoskeletal Diagnoses,,
CPRDAurum_haemangioma,x,CPRD_HAEMANGIOMA,Haemangioma,Haemangioma,Haemangioma,haemangioma,Benign Neoplasm or Precancerous Changes,,
CPRDAurum_HeartFailure,x,CPRD_HF,Heart Failure,Heart Failure,Heart Failure,hf,Circulatory System Diagnoses,1,
HidradenitisSuppurativa_birm_cam,x,CPRD_HIDRADENITIS,Hidradenitis suppurativa,Hidradenitis,Hidradenitis,hidradenitis,Skin Diagnoses,,
CPRDAurum_HBW,x,CPRD_HBW,High Birth Weight,High Birth Weight,High Birth Weight,hbw,Perinatal Conditions,,
HIVaids_birm_cam,bigger list,CPRD_HIV,HIV,HIV,HIV,hiv,Infectious Diseases,,
CPRDAurum_HodgkinLymphoma,x,CPRD_HODGKINS,Hodgkins Lymphoma,Hodgkin's Lymphoma,Hodgkin's Lymphoma,malig_hodgkins,Cancers,,
CPRDAurum_Hydrocele_Vet,x,CPRD_HYDROCELE,Hydrocele,Hydrocele,Hydrocele,hydrocele,Genitourinary System Diagnoses,,
Hyperparathyroidism_birm_cam,bigger list,CPRD_PTH,Hyperparathyroidism,Hyperparathyroidism,Hyperparathyroidism,pth,Endocrine Diagnoses,,
CPRDAurum_Hypersplenism,x,CPRD_SPLENOMEGALY,Splenomegaly,Hypersplenism,Hypersplenism,hypersplenism,Blood and Immune System Diagnoses,,
Hypertension,x,CPRD_HYPERTENSION,Hypertension,Hypertension,Hypertension,htn,Circulatory System Diagnoses,1,
CPRDAurum_hocm,x,CPRD_HOCM,Hypertrophic cardiomyopathy,Hypertrophic cardiomyopathy,Hypertrophic cardiomyopathy,hocm,Circulatory System Diagnoses,1,
CPRDAurum_Nasal_turbinate_Hypertrophy_Vet,Is this for real?,CPRD_HYPER_NASAL_TURBS,Nasal Turbinate Hypertrophy,Hypertrophic Nasal Turbinates,Hypertrophic Nasal Turbinates,hyper_nasal_turb,Respiratory System Diagnoses,,
CPRDAurum_hyposplenism_Vet,x,CPRD_HYPOSPLENISM,Hyposplenism,Hyposplenism,Hyposplenism,hyposplenism,Blood and Immune System Diagnoses,,
CPRDAurum_IdiopathicIntracranialHypertension,x,CPRD_INTRACRANIAL_HTN,Idiopathic Intracranial Hypertension,Idiopathic Intracranial Hypertension,Idiopathic Intracranial Hypertension,intracranial_htn,Neurological Diagnoses,,
CPRDAurum_Immunodeficiencies,x,CPRD_IMMUNODEF,Immunodeficiency,Immunodeficiency,Immunodeficiency,immunodef,Blood and Immune System Diagnoses,,
CPRDAurum_IntellectualDisability,x,CPRD_INTELL_DZ,Intellectual Disability,Intellectual Disability,Intellectual Disability,intell_dz,Mental and Behavioural Diagnoses,1,
CPRDAurum_IntervertebralDiscDisorders,x,CPRD_INTERVERT_DISC,Intervertebral Disc Disorder,Intervertebral Disc Disorder,Intervertebral Disc Disorder,intervert_disc,Musculoskeletal Diagnoses,,
CPRDAurum_IntracerebralHaemorrhage,x,CPRD_INTRACEREB_HAEM,Intracerebral Haemorrhage,Intracerebral Haemorrhage,Intracerebral Haemorrhage,intracereb_haem,Circulatory System Diagnoses,1,
,consider BabyIschaemicStroke_mumpredict,CPRD_INTRAUTERINE_HYPOXIA,Intrauterine Hypoxia,Intrauterine Hypoxia,Intrauterine Hypoxia,intrauterine_hypoxia,Perinatal Conditions,,
Iron_deficiency_anaemia_Vet,x,CPRD_IDA,Iron Deficiency Anaemia,Iron Deficiency Anaemia,Iron Deficiency Anaemia,ida,Blood and Immune System Diagnoses,,
Prevalent_IBS_birm_cam_v2,x,CPRD_IBS,Irritable Bowel Syndrome,Irritable Bowel Syndrome,Irritable Bowel Syndrome,ibs,Digestive System Diagnoses,,
IschaemicStroke_Bham_CAM_v2,x,CPRD_ISCH_STROKE,Ischaemic Stroke,Ischaemic Stroke,Ischaemic Stroke,isch_stroke,Circulatory System Diagnoses,1,
CPRDAurum_Juvenile_Arthritis_Vet,x,CPRD_JUV_ARTH,Juvenile Arthritis,Juvenile Arthritis,Juvenile Arthritis,juv_arth,Musculoskeletal Diagnoses,RA?,
CPRDAurum_Keratitis_Vet,x,CPRD_KERATITIS,Keratitis,Keratitis,Keratitis,keratitis,Eye Diagnoses,,
CPRDAurum_LeftBundleBranchBlock,bigger list,CPRD_LBBB,Left Bundle Branch Block,Left Bundle Branch Block,Left Bundle Branch Block,lbbb,Circulatory System Diagnoses,,
Fibroid_birm_cam,x,CPRD_LEIOMYOMA,Leiomyoma,Leiomyoma,Leiomyoma,leiomyoma,Benign Neoplasm or Precancerous Changes,,
leukaemia_prevalence_birm_camv3,x,CPRD_LEUKAEMIA,Leukaemia,Leukaemia,Leukaemia,malig_leukaemia,Cancers,1,
LichenPlanus_birm_cam,x,CPRD_LICHEN_PLANUS,Lichen Planus,Lichen Planus,Lichen Planus,lichen_planus,Skin Diagnoses,,
CPRDAurum_HepaticFailure,x,CPRD_LIVER_FAIL,Liver Failure,Liver Failure,Liver Failure,liver_fail,Digestive System Diagnoses,,
SGASmallGesAtBirth_mumpredict,x,CPRD_LBW,Low Birth Weight,Low Birth Weight,Low Birth Weight,lbw,Perinatal Conditions,,
Systemic_lupus_erythematosus_MM_birm_cam,x,CPRD_SLE,Systemic Lupus Erythematosus,Lupus Erythematosus,Lupus Erythematosus,sle,Musculoskeletal Diagnoses,,
CPRDAurum_MacularDegeneration,x,CPRD_MACULA_DEGEN,Macular Degeneration,Macular Degeneration,Macular Degeneration,macula_degen,Eye Diagnoses,,
maleInfertility,x,CPRD_MALE_INFERTILITY,Male infertility,Male infertility,Male infertility,male_infertility,Genitourinary System Diagnoses,,
Menieresdisease_birm_cam,Bigger list,CPRD_MENIERE,Meniere's Disease,Menieres Disease,Menieres Disease,meniere,Ear Diagnoses,,
Menorrhagia_TLC_V2,x,CPRD_MENORRHAGIA,Menorrhagia,Menorrhagia,Menorrhagia,menorrhagia,Genitourinary System Diagnoses,,
MigrainePrevalent_birm_cam,bigger list,CPRD_MIGRAINE,Migraine,Migraine,Migraine,migraine,Neurological Diagnoses,,
CPRDAurum_MGUS,x,CPRD_MGUS,Monoclonal Gammopathy of Undetermined Significance,Monoclonal Gammopathy of Unknown Significance,Monoclonal Gammopathy of Unknown Significance,malig_mgus,Cancers,1,
CPRDAurum_MotorNeuronDisease,x,CPRD_MND,Motor Neurone Disease,Motor Neurone Disease,Motor Neurone Disease,mnd,Neurological Diagnoses,,
Multiple_Sclerosis_AURUM,bigger list,CPRD_MS,Multiple Sclerosis,Multiple Sclerosis,Multiple Sclerosis,ms,Neurological Diagnoses,,
CPRDAurum_MultipleValveDisorder,x,CPRD_MULT_VALVE,Multiple valve disorder,Multiple valve disorder,Multiple valve disorder,mult_valve,Circulatory System Diagnoses,,
CPRDAurum_MyastheniaGravis,x,CPRD_MYASTHENIA,Myasthenia Gravis,Myasthenia Gravis,Myasthenia Gravis,myasthenia,Neurological Diagnoses,,
CPRDAurum_MyelodysplasticSyndrome,x,CPRD_MDS,Myelodysplasia,Myelodysplastic Syndrome,Myelodysplastic Syndrome,malig_mds,Cancers,,
Myocardialnfarction_MI_Bham_CAM_OPTIMAL,bigger list,CPRD_MYOCARDIAL_INFARCTION,Myocardial Infarction,Myocardial Infarction,Myocardial Infarction,mi,Circulatory System Diagnoses,1,
CPRDAurum_Nasal_Polyp_Vet,x,CPRD_NASAL_POLYP,Nasal Polyps,Nasal Polyps,Nasal Polyps,nasal_polyp,Respiratory System Diagnoses,,
NeonatalJaundice_mumpredict,x,CPRD_NEO_JAUNDICE,Neonatal Jaundice,Neonatal Jaundice,Neonatal Jaundice,neo_jaundice,Perinatal Conditions,,
CPRDAurum_NeuropahticBladder,x,CPRD_NEURO_BLADDER,Neuropahtic Bladder,Neuropathic Bladder,Neuropathic Bladder,neuro_bladder,Genitourinary System Diagnoses,,
CPRDAurum_NonHodgkinLymphoma,x,CPRD_NHL,Non Hodgkins Lymphoma,Non-Hodgkin's Lymphoma,Non-Hodgkin's Lymphoma,malig_nhl,Cancers,1,
CPRDAurum_NonrheumaticAorticValveDisorders,x,CPRD_NONRH_AORTIC,Non-rheumatic Aortic valve disorder,Non-rheumatic Aortic valve disorder,Non-rheumatic Aortic valve disorder,nonrh_aortic,Circulatory System Diagnoses,,
CPRDAurum_NonrheumaticMitralValveDisorders,x,CPRD_NONRH_MITRAL,Non-rheumatic Mitral valve disorder,Non-rheumatic Mitral valve disorder,Non-rheumatic Mitral valve disorder,nonrh_mitral,Circulatory System Diagnoses,,
Obesity_11_3_21,bigger list,CPRD_OBESITY,Obesity,Obesity,Obesity,obesity,Endocrine Diagnoses,1,
ObsessiveCompulsiveDisorder_birm_cam,bigger list,CPRD_OCD,Obsessive Compulsive Disorder,Obsessive Compulsive Disorder,Obsessive Compulsive Disorder,ocd,Mental and Behavioural Diagnoses,,
CPRDAurum_ObstructiveandRefluxUropathy,x,CPRD_OBSTR_REFLUX,Obstructive and reflux uropathy,Obstructive and reflux uropathy,Obstructive and reflux uropathy,obstr_reflux,Genitourinary System Diagnoses,,
CPRDAurum_Oesophageal_Ulcer_Vet,x,CPRD_OESOPH_ULC,Oesophageal Ulcer,Oesophageal Ulcer,Oesophageal Ulcer,oesoph_ulc,Digestive System Diagnoses,,
CPRDAurum_OesophagealVarices,x,CPRD_VARICES,Oesophageal Varices,Oesophageal Varices,Oesophageal Varices,varices,Digestive System Diagnoses,,
CPRDAurum_Osteoarthritis_exclSpine,note significantly longer OA lists exist that do not exclude spine,CPRD_OA,osteoarthritis,Osteoarthritis,Osteoarthritis,oa,Musculoskeletal Diagnoses,,
Osteoporosis_birm_cam,bigger list,CPRD_OSTEOPOROSIS,Osteoporosis,Osteoporosis,Osteoporosis,osteoporosis,Musculoskeletal Diagnoses,1,
CPRDAurum_HaemolyticAnaemias_Other,x,CPRD_OTH_HAEM_ANAEMIA,Haemolytic Anaemia,Other haemolytic anaemia,Other haemolytic anaemia,oth_haem_anaemia,Blood and Immune System Diagnoses,,
CPRDAurum_Pancreatitis,x,CPRD_PANCREATITIS,Pancreatitis,Pancreatitis,Pancreatitis,pancreatitis,Digestive System Diagnoses,,
Parkinsons_birm_cam,x,CPRD_PARKINSONS,Parkinson's Disease,Parkinsons Disease,Parkinsons Disease,parkinsons,Neurological Diagnoses,,
,,CPRD_PDA,Patent Ductus Arteriosus,Patent Ductus Arteriosus,Patent Ductus Arteriosus,pda,Perinatal Conditions,,
Gastrointestinal_ulcer,x,CPRD_ULCER_PEPTIC,Gastrointestinal Ulcer (excluding oesophageal),Peptic Ulcer,Peptic Ulcer,ulcer_peptic,Digestive System Diagnoses,,
CPRDAurum_PeripheralVascularDisease,x,CPRD_PERIPHERAL_ARTERIAL_DISEASE,Peripheral Arterial Disease,Peripheral Arterial Disease,Peripheral Arterial Disease,pad,Circulatory System Diagnoses,1,
CPRDAurum_PeripheralNeuropathy,x,CPRD_PERIPH_NEURO,Peripheral Neuropathy,Peripheral Neuropathy,Peripheral Neuropathy,periph_neuro,Neurological Diagnoses,,
PersonalityDisorder_birm_camV2,x,CPRD_PD,Personality Disorder,Personality Disorder,Personality Disorder,pd,Mental and Behavioural Diagnoses,,
Pilonidal_sinus_vet,x,CPRD_PILONIDAL,Pilonidal cystOrSinus,Pilonidal cyst/sinus,Pilonidal cyst/sinus,pilonidal,Skin Diagnoses,,
plasmacell_neoplasm_birm_cam_v2,x,CPRD_PLASMACELL,Plasma Cell Malignancy,Plasma Cell Malignancy,Plasma Cell Malignancy,malig_plasmacell,Cancers,1,
CPRDAurum_PleuralPlaque,x,CPRD_PLEURAL_PLAQUE,Pleural Plaque,Pleural Plaque,Pleural Plaque,pleural_plaque,Respiratory System Diagnoses,,
CPRDAurum_Pneumothorax_Vet,bigger list,CPRD_PNEUMOTHORAX,Pneumothorax,Pneumothorax,Pneumothorax,pneumothorax,Respiratory System Diagnoses,,
Polycystic_ovarian_syndrome_PCOS_birm_cam_v2,bigger list,CPRD_PCOS,Polycystic Ovarian Syndrome,Polycystic Ovarian Syndrome,Polycystic Ovarian Syndrome,pcos,Endocrine Diagnoses,,
CPRDAurum_PolycythaemiaVera,x,CPRD_PCV,Polycythaemia Vera,Polycythaemia vera,Polycythaemia vera,malig_pcv,Cancers,1,
Polymyalgiarheumatica_MM,x,CPRD_PMR,Polymyalgia Rheumatica,Polymyalgia Rheumatica,Polymyalgia Rheumatica,pmr,Musculoskeletal Diagnoses,,
CPRDAurum_PortalHypertension,x,CPRD_PORTAL_HTN,Portal Hypertension,Portal Hypertension,Portal Hypertension,portal_htn,Digestive System Diagnoses,,
,,CPRD_POST_TERM,Postmature Baby,Post-term Delivery,Post-term Delivery,post_term,Perinatal Conditions,,
PostCoital_Bleeding_Vet,x,CPRD_PCB,Postcoital Bleeding,Postcoital Bleeding,Postcoital Bleeding,pcb,Genitourinary System Diagnoses,,
CPRDAurum_PosteriorUveitis,x,CPRD_POST_UVEITIS,Posterior Uveitis,Posterior Uveitis,Posterior Uveitis,post_uveitis,Eye Diagnoses,,
PMB_Post_Menopausal_Bleeding_Vet,x,CPRD_PMB,Postmenopausal Bleeding,Postmenopausal Bleeding,Postmenopausal Bleeding,pmb,Genitourinary System Diagnoses,,
PretermIncidence_mumpredict,x,CPRD_PREMATURITY,Premature Delivery,Premature Delivery,Premature Delivery,premature,Perinatal Conditions,,
CPRDAurum_PrimaryMalignancy_BiliaryTract,x,CPRD_PRI_BILIARY,Primary Malignancy - Biliary,Primary Malignancy - Biliary,Primary Malignancy - Biliary,malig_pri_biliary,Cancers,1,
CPRDAurum_PrimaryMalignancy_Bladder,x,CPRD_PRI_BLADDER,Primary Malignancy - Bladder,Primary Malignancy - Bladder,Primary Malignancy - Bladder,malig_pri_bladder,Cancers,1,
CPRDAurum_PrimaryMalignancy_Bone,x,CPRD_PRI_BONE,Primary Malignancy - Bone,Primary Malignancy - Bone,Primary Malignancy - Bone,malig_pri_bone,Cancers,1,
CPRDAurum_PrimaryMalignancy_Bowel,x,CPRD_PRI_BOWEL,Primary Malignancy - Bowel,Primary Malignancy - Bowel,Primary Malignancy - Bowel,malig_pri_bowel,Cancers,1,
CPRDAurum_PrimaryMalignancy_Brain,x,CPRD_PRI_BRAIN,Primary Malignancy - Brain,Primary Malignancy - Brain,Primary Malignancy - Brain,malig_pri_brain,Cancers,1,
CPRDAurum_PrimaryMalignancy_Breast,x,CPRD_PRI_BREAST,Primary Malignancy - Breast,Primary Malignancy - Breast,Primary Malignancy - Breast,malig_pri_breast,Cancers,1,
CPRDAurum_PrimaryMalignancy_Cervix,x,CPRD_PRI_CERVICAL,Primary Malignancy - Cervix,Primary Malignancy - Cervix,Primary Malignancy - Cervix,malig_pri_cervix,Cancers,1,
CPRDAurum_PrimaryMalignancy_Kidney,x,CPRD_PRI_KIDNEY,Primary Malignancy - Kidney,Primary Malignancy - Kidney,Primary Malignancy - Kidney,malig_pri_kidney,Cancers,1,
CPRDAurum_PrimaryMalignancy_Liver,x,CPRD_PRI_LIVER,Primary Malignancy - Liver,Primary Malignancy - Liver,Primary Malignancy - Liver,malig_pri_liver,Cancers,1,
CPRDAurum_PrimaryMalignancy_Lung,x,CPRD_PRI_LUNG,Primary Malignancy - Lung,Primary Malignancy - Lung,Primary Malignancy - Lung,malig_pri_lung,Cancers,1,
CPRDAurum_PrimaryMalignancy_Melanoma,x,CPRD_PRI_MELANOMA,Primary Malignancy - Melanoma,Primary Malignancy - Melanoma,Primary Malignancy - Melanoma,malig_pri_melanoma,Cancers,1,
CPRDAurum_PrimaryMalignancy_Mesothelioma,x,CPRD_PRI_MESOTHELIOMA,Primary Malignancy - Mesothelioma,Primary Malignancy - Mesothelioma,Primary Malignancy - Mesothelioma,malig_pri_mesothelioma,Cancers,1,
CPRDAurum_PrimaryMalignancy_MultipleSites,x,CPRD_PRI_MULTINDEP,Primary Malignancy - Multiple Sites,Primary Malignancy - Multiple Sites,Primary Malignancy - Multiple Sites,malig_pri_mult,Cancers,1,
CPRDAurum_PrimaryMalignancy_Oesophageal,x,CPRD_PRI_OESOPH,Primary Malignancy - Oesophageal,Primary Malignancy - Oesophageal,Primary Malignancy - Oesophageal,malig_pri_oesoph,Cancers,1,
CPRDAurum_PrimaryMalignancy_Oropharyngeal,x,CPRD_PRI_OROPH,Primary Malignancy - Oropharyngeal,Primary Malignancy - Oropharyngeal,Primary Malignancy - Oropharyngeal,malig_pri_oroph,Cancers,1,
CPRDAurum_PrimaryMalignancy_other,x,CPRD_PRI_OTHER,Primary Malignancy - other,Primary Malignancy - other,Primary Malignancy - other,malig_pri_other,Cancers,1,
CPRDAurum_PrimaryMalignancy_Ovary,x,CPRD_PRI_OVARIAN,Primary Malignancy - Ovary,Primary Malignancy - Ovary,Primary Malignancy - Ovary,malig_pri_ovarian,Cancers,1,
CPRDAurum_PrimaryMalignancy_Pancreas,x,CPRD_PRI_PANCR,Primary Malignancy - Pancreas,Primary Malignancy - Pancreas,Primary Malignancy - Pancreas,malig_pri_pancr,Cancers,1,
CPRDAurum_PrimaryMalignancy_Prostate,x,CPRD_PRI_PROST,Primary Malignancy - Prostate,Primary Malignancy - Prostate,Primary Malignancy - Prostate,malig_pri_prost,Cancers,1,
CPRDAurum_PrimaryMalignancy_Skin,How does this compare with row 2? Is it a duplicate?,CPRD_PRI_SKIN,Primary Malignancy - Skin,Primary Malignancy - Skin,Primary Malignancy - Skin,malig_pri_skin,Cancers,1,
CPRDAurum_PrimaryMalignancy_Stomach,x,CPRD_PRI_STOMACH,Primary Malignancy - Stomach,Primary Malignancy - Stomach,Primary Malignancy - Stomach,malig_pri_stomach,Cancers,1,
CPRDAurum_PrimaryMalignancy_Testis,x,CPRD_PRI_TESTIS,Primary Malignancy - Testis,Primary Malignancy - Testis,Primary Malignancy - Testis,malig_pri_testis,Cancers,1,
CPRDAurum_PrimaryMalignancy_Thyroid,x,CPRD_PRI_THYROID,Primary Malignancy - Thyroid,Primary Malignancy - Thyroid,Primary Malignancy - Thyroid,malig_pri_thyroid,Cancers,1,
CPRDAurum_PrimaryMalignancy_Uterus,x,CPRD_PRI_UTERINE,Primary Malignancy - Uterus,Primary Malignancy - Uterus,Primary Malignancy - Uterus,malig_pri_uterine,Cancers,1,
CPRDAurum_PrimaryPulmonaryHypertension,x,CPRD_PRIM_PULM_HTN,Primary Pulmonary Hypertension,Primary Pulmonary Hypertension,Primary Pulmonary Hypertension,pulm_htn_pri,Circulatory System Diagnoses,,
CPRDAurum_PrimaryThrombocytopaenia,x,CPRD_PRI_THROMBOCYTOPAENIA,Primary thrombocytopaenia,Primary thrombocytopaenia,Primary thrombocytopaenia,pri_thrombocytopaenia,Blood and Immune System Diagnoses,,
Psoriasis_birm_cam,bigger list,CPRD_PSORIASIS,Psoriasis,Psoriasis,Psoriasis,psoriasis,Skin Diagnoses,,
PsoriaticArthritis2021_MM_birm_cam,bigger list,CPRD_PSA,Psoriatic Arthritis,Psoriatic Arthritis,Psoriatic Arthritis,psa,Musculoskeletal Diagnoses,,
CPRDAurum_Ptosis_Eyelid_Vet,x,CPRD_PTOSIS,Ptosis,Ptosis,Ptosis,ptosis,Eye Diagnoses,,
CPRDAurum_Pulmonary_Collapse_vet,x,CPRD_PULM_COLLAPSE,Pulmonary Collapse,Pulmonary Collapse,Pulmonary Collapse,pulm_collapse,Respiratory System Diagnoses,,
Pulmonary_Embolism_PE_IncidenceV2_birm_cam,x,CPRD_PE,Pulmonary Embolism,Pulmonary Embolism,Pulmonary Embolism,pe,Circulatory System Diagnoses,,
CysticFibrosis_birm_cam,x,CPRD_PULM_FIBROSIS,Pulmonary Fibrosis,Pulmonary Fibrosis,Pulmonary Fibrosis,pulm_fibrosis,Respiratory System Diagnoses,,
Raynauds_MM_birm_cam,x,CPRD_RAYNAUDS,Raynauds Disease,Raynauds Disease,Raynauds Disease,raynauds,Circulatory System Diagnoses,,
,Apparently used to be a code called ReactiveArthropathy_PriyankaC but I can't find it,CPRD_REACTIVE,Reactive Arthritis,Reactive Arthritis,Reactive Arthritis,reactive,Musculoskeletal Diagnoses,,
,,CPRD_RDN,Respiratory Distress of the Newborn,Respiratory Distress of the Newborn,Respiratory Distress of the Newborn,rdn,Perinatal Conditions,,
CPRDAurum_Respiratory_Failure_Vet,x,CPRD_RESP_FAILURE,Respiratory Failure,Respiratory Failure,Respiratory Failure,resp_fail,Respiratory System Diagnoses,,
RetinalDetach_prevalence_birm_cam,x,CPRD_RETINAL_DETACH,Retinal Detachment,Retinal Detachment,Retinal Detachment,retinal_detach,Eye Diagnoses,,
CPRDAurum_RetinalVascularOcclusions,x,CPRD_RETINAL_VASC_OCCL,Retinal Vascular Occlusion,Retinal Vascular Occlusion,Retinal Vascular Occlusion,retinal_vasc_occl,Eye Diagnoses,,
CPRDAurum_RheumaticFever_Vet,x,CPRD_RH_FEVER,Rheumatic Fever,Rheumatic Fever,Rheumatic Fever,rh_fever,Infectious Diseases,,
CPRDAurum_RheumaticValveDisorder,x,CPRD_RH_VALVE,Rheumatic Valve Disorder,Rheumatic Valve Disorder,Rheumatic Valve Disorder,rh_valve,Circulatory System Diagnoses,,
RheumatoidArthritis_MM_birm_cam,x,CPRD_RHA,Rheumatoid Arthritis,Rheumatoid Arthritis,Rheumatoid Arthritis,rha,Musculoskeletal Diagnoses,1,
CPRDAurum_RightBundleBranchBlockCombinations,x,CPRD_RBBB,Right Bundle Branch Block,Right Bundle Branch Block,Right Bundle Branch Block,rbbb,Circulatory System Diagnoses,,
Rosacea_birm_cam,bigger list,CPRD_ROSACEA,Rosacea,Rosacea,Rosacea,rosacea,Skin Diagnoses,,
Sarcoidosis_birm_cam,bigger list,CPRD_SARCOID,Sarcoidosis,Sarcoidosis,Sarcoidosis,sarcoid,Blood and Immune System Diagnoses,,
Schizophrenia,bigger list,CPRD_SCHIZO,Schizophrenia,Schizophrenia,Schizophrenia,schizo,Mental and Behavioural Diagnoses,,
scleritis_CPRDAURUM,bigger list,CPRD_SCLERITIS,Scleritis,Scleritis,Scleritis,scleritis,Eye Diagnoses,,
CPRDAurum_Scleroderma,x,CPRD_SYS_SCLEROSIS,Systemic Sclerosis,Scleroderma,Scleroderma,scleroderma,Musculoskeletal Diagnoses,,
Scoliosis_birm_cam,x,CPRD_SCOLIOSIS,Scoliosis,Scoliosis,Scoliosis,scoliosis,Musculoskeletal Diagnoses,,
SeborrhoeicDermatitis_birm_cam,x,CPRD_SEB_DERM,Seborrheic Dermatitis,Seborrheic Dermatitis,Seborrheic Dermatitis,seb_derm,Skin Diagnoses,,
CPRDAurum_SecondaryMalignancy_AdrenalGland,x,CPRD_SEC_ADRENAL,Secondary Malignancy - Adrenal,Secondary Malignancy - Adrenal,Secondary Malignancy - Adrenal,malig_sec_adrenal,Cancers,1,
CPRDAurum_SecondaryMalignancy_Bone,x,CPRD_SEC_BONE,Secondary Malignancy - Bone,Secondary Malignancy - Bone,Secondary Malignancy - Bone,malig_sec_bone,Cancers,1,
CPRDAurum_SecondaryMalignancy_Bowel,x,CPRD_SEC_BOWEL,Secondary Malignancy - Bowel,Secondary Malignancy - Bowel,Secondary Malignancy - Bowel,malig_sec_bowel,Cancers,1,
CPRDAurum_SecondaryMalignancy_Brain,x,CPRD_SEC_BRAIN,Secondary Malignancy - Brain,Secondary Malignancy - Brain,Secondary Malignancy - Brain,malig_sec_brain,Cancers,1,
CPRDAurum_SecondaryMalignancy_Liver,x,CPRD_SEC_LIVER,Secondary Malignancy - Liver,Secondary Malignancy - Liver,Secondary Malignancy - Liver,malig_sec_liver,Cancers,1,
CPRDAurum_SecondaryMalignancy_Lung,x,CPRD_SEC_LUNG,Secondary Malignancy - Lung,Secondary Malignancy - Lung,Secondary Malignancy - Lung,malig_sec_lung,Cancers,1,
CPRDAurum_SecondaryMalignancy_LymphNodes,x,CPRD_SEC_LN,Secondary Malignancy - Lymph Nodes,Secondary Malignancy - Lymph Nodes,Secondary Malignancy - Lymph Nodes,malig_sec_ln,Cancers,1,
CPRDAurum_SecondaryMalignancy_other,x,CPRD_SEC_OTHER,Secondary Malignancy - other,Secondary Malignancy - other,Secondary Malignancy - other,malig_sec_other,Cancers,1,
CPRDAurum_SecondaryMalignancy_Peritoneum,x,CPRD_SEC_PERITONEUM,Secondary Malignancy - Peritoneum,Secondary Malignancy - Peritoneum,Secondary Malignancy - Peritoneum,malig_sec_peritoneum,Cancers,1,
CPRDAurum_SecondaryMalignancy_Pleura,x,CPRD_SEC_PLEURA,Secondary Malignancy - Pleura,Secondary Malignancy - Pleura,Secondary Malignancy - Pleura,malig_sec_pleura,Cancers,1,
CPRDAurum_SecondaryPolycythaemia,x,CPRD_2RY_POLYCYTHAEMIA,Secondary Polycythaemia,Secondary Polycythaemia,Secondary Polycythaemia,sec_polycythaemia,Blood and Immune System Diagnoses,,
CPRDAurum_SecondaryPolycythaemia,x,CPRD_2RY_POLYCYTHAEMIA,Secondary Polycythaemia,Secondary Polycythaemia,,sec_polycythaemia,Blood and Immune System Diagnoses,,
CPRDAurum_SecondaryPulmonaryHypertension,x,CPRD_SEC_PULM_HTN,Secondary Pulmonary Hypertension,Secondary Pulmonary Hypertension,Secondary Pulmonary Hypertension,pulm_htn_sec,Circulatory System Diagnoses,,
CPRDAurum_SecondaryThrombocytopaenia,x,CPRD_SEC_OTH_THROMBOCYTOPAENIA,Secondary Thrombocytopaenia,Secondary Thrombocytopaenia,Secondary Thrombocytopaenia,sec_thrombocytopaenia,Blood and Immune System Diagnoses,,
Sickle_Cell_Disease_birm_cam_v2,bigger list,CPRD_SICKLE_CELL,Sickle Cell Disease,Sickle Cell Disease,Sickle Cell Disease,sickle,Blood and Immune System Diagnoses,,
Sickle_Cell_Trait_birm_cam,x,CPRD_SICKLE_TRAIT,Sickle Cell Trait,Sickle Cell Trait,Sickle Cell Trait,sickle_trait,Blood and Immune System Diagnoses,,
CPRDAurum_SickSinusSyndrome,x,CPRD_SICK_SINUS,Sick Sinus Syndrome,Sick Sinus Syndrome,Sick Sinus Syndrome,sick_sinus,Circulatory System Diagnoses,,
Sjogrenssyndrome_Bham_CAM,bigger list,CPRD_SJOGREN,Sjogren Syndrome,Sjogren Syndrome,Sjogren Syndrome,sjogren,Musculoskeletal Diagnoses,,
OSA_birm_cam,bigger list,CPRD_SLEEP_APNOEA,Sleep apnoea,Sleep apnoea,Sleep apnoea,sleep_apnoea,Respiratory System Diagnoses,,
SpinaBifidaMM,bigger list,CPRD_SPINA_BIFIDA,Spina Bifida,Spina Bifida,Spina Bifida,spina_bifida,Perinatal Conditions,,
CPRDAurum_SpinalStenosis,x,CPRD_SPINAL_STENOSIS,Spinal Stenosis,Spinal Stenosis,Spinal Stenosis,spinal_stenosis,Musculoskeletal Diagnoses,,
CPRDAurum_Spondylolisthesis,x,CPRD_SPONDYLOLISTHESIS,Spondylolisthesis,Spondylolisthesis,Spondylolisthesis,spondylolisthesis,Musculoskeletal Diagnoses,,
CPRDAurum_Spondylosis,x,CPRD_SPONDYLOSIS,Spondylosis,Spondylosis,Spondylosis,spondylosis,Musculoskeletal Diagnoses,,
CPRDAurum_StableAngina,x,CPRD_STABLE_ANGINA,Stable Angina,Stable Angina,Stable Angina,sa,Circulatory System Diagnoses,1,
CPRDAurum_Stroke_unspecified,x,CPRD_STROKE_NOS,Stroke,Stroke - not otherwise specified,Stroke - not otherwise specified,stroke_nos,Circulatory System Diagnoses,1,
CPRDAurum_SubarachnoidHaemorrhage,x,CPRD_SUBARACH,Subarachnoid Haemorrhage,Subarachnoid Haemorrhage,Subarachnoid Haemorrhage,subarach,Circulatory System Diagnoses,1,
CPRDAurum_subdural_haematoma,x,CPRD_SUBDURAL_HAEM,Subdural haematoma,Subdural haematoma,Subdural haematoma,subdural_haem,Circulatory System Diagnoses,1,
CPRDAurum_SubstanceMisuse,x,CPRD_SUBSTANCE_MISUSE,Substance Misuse,Substance Misuse,Substance Misuse,substance_misuse,Mental and Behavioural Diagnoses,,
CPRDAurum_SupraventricularTachycardia,x,CPRD_SVT,Supraventricular Tachycardia,Supraventricular Tachycardia,Supraventricular Tachycardia,svt,Circulatory System Diagnoses,,
ADHD_mm_birm_camV2,x,CPRD_ADHD,Attention deficit hyperactivity disorder,Syndrome of Inappropriate AntiDiuretic Hormone,Syndrome of Inappropriate AntiDiuretic Hormone,SIADH,Endocrine Diagnoses,,
Thalassaemia_birm_cam,x,CPRD_THALA,Thalassaemia,Thalassaemia,Thalassaemia,e,Blood and Immune System Diagnoses,,
Thalassaemia_trait_birm_cam,x,CPRD_THAL_TRAIT,Thalassaemia Trait,Thalassaemia Trait,Thalassaemia Trait,thal_trait,Blood and Immune System Diagnoses,,
Thrombophilia_mumpredict,bigger list,CPRD_THROMBOPHILIA,Thrombophilia,Thrombophilia,Thrombophilia,thrombophilia,Blood and Immune System Diagnoses,,
CPRDAurum_ThyroidDisease,x,CPRD_THYROID,Thyroid Disease,Thyroid Disease,Thyroid Disease,thyroid,Endocrine Diagnoses,1,Review - hyperthyroid?
Tinnitus_TLC_V2,bigger list,CPRD_TINNITUS,Tinnitus,Tinnitus,Tinnitus,tinnitus,Ear Diagnoses,,
Transient_Ischaemic_Attack_TIA,bigger list,CPRD_TIA,Transient Ischaemic Attack,Transient Ischaemic Attack,Transient Ischaemic Attack,tia,Circulatory System Diagnoses,1,
CPRDAurum_trifasc_block,x,CPRD_TRIFASC_BLOCK,Trifascicular Block,Trifascicular Block,Trifascicular Block,trifasc_block,Circulatory System Diagnoses,,
CPRDAurum_TrigeminalNeuralgia,x,CPRD_TRIGEM_NEUR,Trigeminal Neuralgia,Trigeminal Neuralgia,Trigeminal Neuralgia,trigem_neur,Neurological Diagnoses,,
Tuberculosis_gbv,x,CPRD_TB,Tuberculosis,Tuberculosis,Tuberculosis,tb,Infectious Diseases,,
CPRDAurum_TubulointerstitialNephritis,x,CPRD_TIN,Tubulo-interstitial Nephropathy,Tubulo-interstitial Nephropathy,Tubulo-interstitial Nephropathy,tin,Genitourinary System Diagnoses,,
Type1DM_11_3_21_birm_cam,x,Type1DM_11_3_21_birm_cam,,Type 1 Diabetes Mellitus,Type 1 Diabetes Mellitus,t1dm,Endocrine Diagnoses,1,
Type2Diabetes,x,Type_2Diabetes_11_3_21_birm_cam,,Type 2 Diabetes Mellitus,Type 2 Diabetes Mellitus,t2dm,Endocrine Diagnoses,1,
Ulcerative_colitis_birm_cam,x,CPRD_ULC_COLITIS,Ulcerative Colitis,Ulcerative Colitis,Ulcerative Colitis,ulc_colitis,Digestive System Diagnoses,,
,,CPRD_UNDESCENDED_TESTIS,Undescended Testis,Undescended Testis,Undescended Testis,undesc_testis,Genitourinary System Diagnoses,,
UnstableAngina,x,CPRD_UNSTABLE_ANGINA,Unstable Angina,Unstable Angina,Unstable Angina,ua,Circulatory System Diagnoses,1,
Urinaryincontinence_TLC_V2,bigger list,CPRD_URINE_INCONT,Urinary Incontinence,Urinary Incontinence,Urinary Incontinence,urine_incont,Genitourinary System Diagnoses,,
urolithiasis_MM_birm_cam,x,CPRD_UROLITHIASIS,Urolithiasis,Urolithiasis,Urolithiasis,urolithiasis,Genitourinary System Diagnoses,,
urticaria_gbv,x,CPRD_URTICARIA,Urticaria,Urticaria,Urticaria,urticaria,Skin Diagnoses,,
FGenitalProlapse_mumpredict,x,CPRD_FEMALE_GENITAL_PROLAPSE,Female Genital Prolapse,Uterovaginal Prolapse,Uterovaginal Prolapse,prolapse,Genitourinary System Diagnoses,,
CPRDAurum_VenousThromboembolicDisease_ExclPE,x,CPRD_VTE_EX_PE,Venous Thromboembolism (except Pulmonary Embolism),Venous thromboembolism (Excl PE),Venous thromboembolism (Excl PE),vte_expe,Circulatory System Diagnoses,,
CPRDAurum_VentricularTachycardia,x,CPRD_VT,Ventricular Tacchycardia,Ventricular Tachycardia,Ventricular Tachycardia,vt,Circulatory System Diagnoses,,
CPRDAurum_VitaminB12DeficiencyAnaemia,x,CPRD_B12_DEF,B12 Deficiency,Vitamin B12 deficiency anaemia,Vitamin B12 deficiency anaemia,b12def,Blood and Immune System Diagnoses,,
Vitiligo_birm_camV2,x,CPRD_VITILIGO,Vitiligo,Vitiligo,Vitiligo,vitiligo,Skin Diagnoses,,
Volvulus_Vet,x,CPRD_VOLVULUS,Volvulus,Volvulus,Volvulus,volvulus,Digestive System Diagnoses,,
example,example
